0,0,45.0207,0
1.99963,-0.0333302,45.0218,6.24985
3.99704,-0.133284,45.0229,6.21652
5.99,-0.29975,45.0242,6.18319
7.97632,-0.532544,45.0255,6.14985
9.95377,-0.831406,45.0268,6.11652
11.9202,-1.19601,45.0283,6.08319
13.8733,-1.62594,45.0298,6.04985
15.811,-2.12072,45.0314,6.01652
17.7312,-2.67981,45.033,5.98319
19.6317,-3.30258,45.0348,5.94985
21.5103,-3.98835,45.0367,5.91652
23.3651,-4.73634,45.0387,5.88319
25.1939,-5.54573,45.0407,5.84985
26.9947,-6.41562,45.0429,5.81652
28.7655,-7.34505,45.0452,5.78319
30.5044,-8.33297,45.0476,5.74985
32.2094,-9.3783,45.0502,5.71652
33.8785,-10.4799,45.0529,5.68319
35.5101,-11.6364,45.0557,5.64985
37.1022,-12.8468,45.0587,5.61652
38.6531,-14.1095,45.0618,5.58319
40.161,-15.4232,45.0652,5.54985
41.6243,-16.7864,45.0686,5.51652
43.0414,-18.1976,45.0723,5.48319
44.4106,-19.6553,45.0762,5.44985
45.7305,-21.1578,45.0803,5.41652
46.9996,-22.7034,45.0846,5.38319
48.2165,-24.2905,45.0891,5.34985
49.3798,-25.9172,45.0939,5.31652
50.4883,-27.5819,45.0989,5.28319
51.5406,-29.2825,45.1042,5.24985
52.5357,-31.0173,45.1098,5.21652
53.4724,-32.7842,45.1157,5.18319
54.3498,-34.5814,45.1219,5.14985
55.1667,-36.4069,45.1284,5.11652
55.9223,-38.2585,45.1353,5.08319
56.6159,-40.1343,45.1426,5.04985
57.2572,-42.0287,45.1502,5.03593
57.8931,-43.9249,45.1583,5.03593
58.5289,-45.8212,45.1667,5.03593
59.1648,-47.7174,45.1757,5.03593
59.8006,-49.6136,45.1851,5.03593
60.4365,-51.5099,45.195,5.03593
61.0723,-53.4061,45.2055,5.03593
61.7082,-55.3023,45.2165,5.03593
62.344,-57.1986,45.2281,5.03593
62.9799,-59.0948,45.2403,5.03593
63.6157,-60.991,45.2532,5.03593
64.2516,-62.8872,45.2667,5.03593
64.8874,-64.7835,45.281,5.03593
65.5233,-66.6797,45.2961,5.03593
66.1591,-68.5759,45.3119,5.03593
66.795,-70.4722,45.3286,5.03593
67.4309,-72.3684,45.3462,5.03593
68.0667,-74.2646,45.3648,5.03593
68.7026,-76.1609,45.3843,5.03593
69.3384,-78.0571,45.4049,5.03593
69.9743,-79.9533,45.4266,5.03593
70.6101,-81.8496,45.4494,5.03593
71.246,-83.7458,45.4735,5.03593
71.8818,-85.642,45.4989,5.03593
72.5177,-87.5382,45.5256,5.03593
73.1535,-89.4345,45.5537,5.03593
73.7894,-91.3307,45.5834,5.03593
74.4252,-93.2269,45.6146,5.03593
75.0611,-95.1232,45.6475,5.03593
75.6969,-97.0194,45.6821,5.03593
76.3328,-98.9156,45.7187,5.03593
76.9686,-100.812,45.7571,5.03593
77.6045,-102.708,45.7976,5.03593
78.2403,-104.604,45.8403,5.03593
78.8762,-106.501,45.8853,5.03593
79.512,-108.397,45.9326,5.03593
80.1479,-110.293,45.9825,5.03593
80.7837,-112.189,46.0351,5.03593
81.4196,-114.085,46.0904,5.03593
82.0555,-115.982,46.1487,5.03593
82.6913,-117.878,46.2101,5.03593
83.3272,-119.774,46.2748,5.03593
83.963,-121.67,46.343,5.03593
84.5989,-123.567,46.4147,5.03593
85.2347,-125.463,46.4903,5.03593
85.8706,-127.359,46.57,5.03593
86.5064,-129.255,46.6538,5.03593
87.1423,-131.152,46.7421,5.03593
87.7781,-133.048,46.8351,5.03593
88.414,-134.944,46.9331,5.03593
89.0498,-136.84,47.0363,5.03593
89.6857,-138.736,47.1449,5.03593
90.3215,-140.633,47.2593,5.03593
90.9574,-142.529,47.3798,5.03593
91.5932,-144.425,47.5067,5.03593
92.2291,-146.321,47.6403,5.03593
92.8649,-148.218,47.7809,5.03593
93.5008,-150.114,47.929,5.03593
94.1366,-152.01,48.085,5.03593
94.7725,-153.906,48.2492,5.03593
95.4083,-155.803,48.4221,5.03593
96.0442,-157.699,48.604,5.03593
96.6801,-159.595,48.7956,5.03593
97.3159,-161.491,48.9973,5.03593
97.9518,-163.387,49.2096,5.03593
98.5876,-165.284,49.4331,5.03593
99.2235,-167.18,49.6683,5.03593
99.8593,-169.076,49.9158,5.03593
100.495,-170.972,50.1764,5.03593
101.131,-172.869,50.4505,5.03593
101.767,-174.765,50.739,5.03593
102.403,-176.661,51.0426,5.03593
103.039,-178.557,51.362,5.03593
103.674,-180.454,51.698,5.03593
104.31,-182.35,52.0515,5.03593
104.946,-184.246,52.4234,5.03593
105.582,-186.142,52.8145,5.03593
106.218,-188.038,53.2258,5.03593
106.854,-189.935,53.6584,5.03593
107.49,-191.831,54.1132,5.03593
108.125,-193.727,54.5914,5.03593
108.761,-195.623,55.0942,5.03593
109.397,-197.52,55.6227,5.03593
110.033,-199.416,56.1782,5.03593
110.669,-201.312,56.7619,5.03593
111.305,-203.208,57.3753,5.03593
111.941,-205.105,58.0197,5.03593
112.576,-207.001,58.6966,5.03593
113.212,-208.897,59.4076,5.03593
113.848,-210.793,60.1542,5.03593
114.484,-212.689,60.9381,5.03593
115.12,-214.586,61.761,5.03593
115.756,-216.482,62.6247,5.03593
116.391,-218.378,63.5311,5.03593
117.027,-220.274,64.4819,5.03593
117.663,-222.171,65.4793,5.03593
118.299,-224.067,66.5252,5.03593
118.935,-225.963,67.6217,5.03593
119.571,-227.859,68.771,5.03593
120.207,-229.756,69.9754,5.03593
120.842,-231.652,71.237,5.03593
121.478,-233.548,72.5583,5.03593
122.114,-235.444,73.9416,5.03593
122.75,-237.34,75.3895,5.03593
123.386,-239.237,76.9043,5.03593
124.022,-241.133,78.4887,5.03593
124.658,-243.029,80.1453,5.03593
125.293,-244.925,81.8766,5.03593
125.929,-246.822,83.6854,5.03593
126.565,-248.718,85.5743,5.03593
127.201,-250.614,87.5459,5.03593
127.837,-252.51,89.6031,5.03593
128.473,-254.407,91.7485,5.03593
129.109,-256.303,93.9847,5.03593
129.744,-258.199,96.3145,5.03593
130.38,-260.095,98.7404,5.03593
131.016,-261.991,101.265,5.03593
131.652,-263.888,103.891,5.03593
132.288,-265.784,106.62,5.03593
132.924,-267.68,109.456,5.03593
133.559,-269.576,112.399,5.03593
134.195,-271.473,115.453,5.03593
134.831,-273.369,118.618,5.03593
135.467,-275.265,121.898,5.03593
136.103,-277.161,125.292,5.03593
136.739,-279.058,128.804,5.03593
137.375,-280.954,132.433,5.03593
138.01,-282.85,136.181,5.03593
138.646,-284.746,140.048,5.03593
139.282,-286.643,144.034,5.03593
139.918,-288.539,148.139,5.03593
140.554,-290.435,152.364,5.03593
141.19,-292.331,156.706,5.03593
141.826,-294.227,161.165,5.03593
142.461,-296.124,165.74,5.03593
143.097,-298.02,170.429,5.03593
143.733,-299.916,175.228,5.03593
144.369,-301.812,180.136,5.03593
145.005,-303.709,185.148,5.03593
145.641,-305.605,190.263,5.03593
146.277,-307.501,195.475,5.03593
146.912,-309.397,200.779,5.03593
147.548,-311.294,206.172,5.03593
148.184,-313.19,211.648,5.03593
148.82,-315.086,217.2,5.03593
149.456,-316.982,222.823,5.03593
150.092,-318.878,228.511,5.03593
150.727,-320.775,234.257,5.03593
151.363,-322.671,240.053,5.03593
151.999,-324.567,245.893,5.03593
152.635,-326.463,251.768,5.03593
153.271,-328.36,257.671,5.03593
153.907,-330.256,263.595,5.03593
154.543,-332.152,269.53,5.03593
155.178,-334.048,275.47,5.03593
155.814,-335.945,281.405,5.03593
156.45,-337.841,287.329,5.03593
157.086,-339.737,293.232,5.03593
157.722,-341.633,299.107,5.03593
158.358,-343.529,304.947,5.03593
158.994,-345.426,310.743,5.03593
159.629,-347.322,316.489,5.03593
160.265,-349.218,322.177,5.03593
160.901,-351.114,327.8,5.03593
161.537,-353.011,333.352,5.03593
162.173,-354.907,338.828,5.03593
162.809,-356.803,344.221,5.03593
163.445,-358.699,349.525,5.03593
164.08,-360.596,354.737,5.03593
164.716,-362.492,359.852,5.03593
165.352,-364.388,364.864,5.03593
165.988,-366.284,369.772,5.03593
166.624,-368.18,374.571,5.03593
167.26,-370.077,379.26,5.03593
167.896,-371.973,383.835,5.03593
168.531,-373.869,388.294,5.03593
169.167,-375.765,392.636,5.03593
169.803,-377.662,396.861,5.03593
170.439,-379.558,400.966,5.03593
171.075,-381.454,404.952,5.03593
171.711,-383.35,408.819,5.03593
172.346,-385.247,412.567,5.03593
172.982,-387.143,416.196,5.03593
173.618,-389.039,419.708,5.03593
174.254,-390.935,423.102,5.03593
174.89,-392.831,426.382,5.03593
175.526,-394.728,429.547,5.03593
176.162,-396.624,432.601,5.03593
176.797,-398.52,435.544,5.03593
177.433,-400.416,438.38,5.03593
178.069,-402.313,441.109,5.03593
178.705,-404.209,443.735,5.03593
179.341,-406.105,446.26,5.03593
179.977,-408.001,448.686,5.03593
180.613,-409.898,451.015,5.03593
181.248,-411.794,453.252,5.03593
181.884,-413.69,455.397,5.03593
182.52,-415.586,457.454,5.03593
183.156,-417.482,459.426,5.03593
183.792,-419.379,461.315,5.03593
184.428,-421.275,463.123,5.03593
185.064,-423.171,464.855,5.03593
185.699,-425.067,466.511,5.03593
186.335,-426.964,468.096,5.03593
186.971,-428.86,469.611,5.03593
187.607,-430.756,471.058,5.03593
188.243,-432.652,472.442,5.03593
188.879,-434.549,473.763,5.03593
189.514,-436.445,475.025,5.03593
190.15,-438.341,476.229,5.03593
190.786,-440.237,477.378,5.03593
191.422,-442.133,478.475,5.03593
192.058,-444.03,479.521,5.03593
192.694,-445.926,480.518,5.03593
193.33,-447.822,481.469,5.03593
193.965,-449.718,482.375,5.03593
194.601,-451.615,483.239,5.03593
195.237,-453.511,484.062,5.03593
195.873,-455.407,484.846,5.03593
196.509,-457.303,485.592,5.03593
197.145,-459.2,486.303,5.03593
197.781,-461.096,486.98,5.03593
198.416,-462.992,487.625,5.03593
199.052,-464.888,488.238,5.03593
199.688,-466.784,488.822,5.03593
200.324,-468.681,489.377,5.03593
200.96,-470.577,489.906,5.03593
201.596,-472.473,490.409,5.03593
202.232,-474.369,490.887,5.03593
202.867,-476.266,491.342,5.03593
203.503,-478.162,491.774,5.03593
204.139,-480.058,492.186,5.03593
204.775,-481.954,492.577,5.03593
205.411,-483.851,492.948,5.03593
206.047,-485.747,493.302,5.03593
206.682,-487.643,493.638,5.03593
207.318,-489.539,493.957,5.03593
207.954,-491.435,494.261,5.03593
208.59,-493.332,494.549,5.03593
209.226,-495.228,494.824,5.03593
209.862,-497.124,495.084,5.03593
210.498,-499.02,495.332,5.03593
211.133,-500.917,495.567,5.03593
211.769,-502.813,495.79,5.03593
212.409,-504.708,496.003,5.04745
213.098,-506.585,496.204,5.08079
213.849,-508.439,496.396,5.11412
214.662,-510.266,496.578,5.14745
215.535,-512.065,496.751,5.18079
216.467,-513.835,496.915,5.21412
217.458,-515.572,497.071,5.24745
218.506,-517.275,497.219,5.28079
219.611,-518.942,497.36,5.31412
220.77,-520.572,497.493,5.34745
221.983,-522.162,497.62,5.38079
223.249,-523.71,497.741,5.41412
224.565,-525.216,497.855,5.44745
225.931,-526.677,497.964,5.48079
227.344,-528.092,498.067,5.51412
228.804,-529.458,498.165,5.54745
230.309,-530.776,498.258,5.58079
231.857,-532.042,498.346,5.61412
233.446,-533.256,498.43,5.64745
235.075,-534.417,498.51,5.68079
236.742,-535.522,498.585,5.71412
238.444,-536.572,498.657,5.74745
240.181,-537.564,498.725,5.78079
241.949,-538.497,498.79,5.81412
243.748,-539.372,498.851,5.84745
245.575,-540.185,498.91,5.88079
247.428,-540.938,498.965,5.91412
249.305,-541.628,499.017,5.94745
251.204,-542.255,499.067,5.98079
253.122,-542.819,499.115,6.01412
255.059,-543.319,499.16,6.04745
257.011,-543.753,499.202,6.08079
258.977,-544.123,499.243,6.11412
260.953,-544.426,499.281,6.14745
262.939,-544.664,499.318,6.18079
264.932,-544.835,499.353,6.21412
266.929,-544.94,499.385,6.24745
268.928,-544.978,499.417,6.28079
270.928,-544.949,499.446,0.0309354
272.926,-544.854,499.474,0.0642688
274.919,-544.692,499.501,0.0976021
276.906,-544.464,499.526,0.130935
278.884,-544.17,499.551,0.164269
280.851,-543.81,499.573,0.197602
282.806,-543.385,499.595,0.230935
284.744,-542.895,499.616,0.264269
286.666,-542.34,499.635,0.297602
288.568,-541.722,499.654,0.330935
290.448,-541.041,499.671,0.364269
292.305,-540.297,499.688,0.397602
294.136,-539.492,499.704,0.430935
295.938,-538.627,499.719,0.464269
297.711,-537.702,499.733,0.497602
299.453,-536.718,499.747,0.530935
301.16,-535.677,499.76,0.564269
302.832,-534.579,499.772,0.597602
304.466,-533.427,499.784,0.630935
306.061,-532.22,499.795,0.664269
307.615,-530.961,499.805,0.697602
309.126,-529.651,499.815,0.730935
310.593,-528.291,499.824,0.764269
312.013,-526.883,499.833,0.797602
313.386,-525.429,499.842,0.830935
314.71,-523.93,499.85,0.864269
315.982,-522.387,499.857,0.897602
317.203,-520.803,499.865,0.930935
318.37,-519.179,499.872,0.964269
319.483,-517.517,499.878,0.997602
320.539,-515.819,499.884,1.03094
321.538,-514.087,499.89,1.06427
322.479,-512.322,499.896,1.0976
323.361,-510.527,499.901,1.13094
324.182,-508.703,499.906,1.16427
324.942,-506.853,499.911,1.1976
325.64,-504.979,499.915,1.23094
326.275,-503.083,499.92,1.26427
326.847,-501.166,499.924,1.2976
327.355,-499.232,499.928,1.33094
327.797,-497.282,499.931,1.36427
328.175,-495.318,499.935,1.3976
328.486,-493.342,499.938,1.43094
328.732,-491.358,499.941,1.46427
328.912,-489.366,499.944,1.4976
329.025,-487.369,499.947,1.53094
329.071,-485.37,499.95,1.56427
329.051,-483.37,499.952,1.5976
328.964,-481.372,499.955,1.63094
328.81,-479.378,499.957,1.66427
328.591,-477.39,499.959,1.6976
328.305,-475.411,499.961,1.73094
327.953,-473.442,499.963,1.76427
327.536,-471.486,499.965,1.7976
327.054,-469.545,499.967,1.83094
326.507,-467.621,499.969,1.86427
325.897,-465.717,499.97,1.8976
325.223,-463.834,499.972,1.93094
324.487,-461.974,499.973,1.96427
323.69,-460.14,499.975,1.9976
322.832,-458.334,499.976,2.03094
321.914,-456.557,499.977,2.06427
320.937,-454.811,499.978,2.0976
